Your Full Name,Your Phone,Street Address,City,Postal Code,State,Your Email,Address,Country,Select the # of Members for your Membership,Guest Passes,1st Member Full Name,1st Member Phone,1st Member Age,2nd Member Full Name,2nd Member Phone,2nd Member Age,3rd Member Full Name,3rd Member Phone,3rd Member Age,4th Member Full Name,4th Member Phone,4th Member Age,5th Member Full Name,5th Member Phone,5th Member Age,6th Member Full Name,6th Member Phone,6th Member Age,7th Member Full Name,7th Member Phone,7th Member Age,"Do you have any allergies, medical concerns, or require any special accommodations? If so, please describe:",Payment Amount,Terms and Conditions,Timezone,Payment Status,Order Id,Email Verified,Phone Verified,Submission Date
Caleb Lewis,+13025911540,8354 Sunset Blvd,Smyrna,19929.0,Delaware,caleb.lewis.0001@example.com,"8354 Sunset Blvd, Smyrna, DE, USA ChIJ888059827 8354 Sunset Blvd",US,2.0,,Kevin Lewis,3025911540.0,67.0,Ethan Lewis,,11.0,,,,,,,,,,,,,,,,Asthma - carries an inhaler,240.0,"I consent to receive occasional marketing communication from Wedgewood Swim Club related to this submission. I understand that I can opt-out or unsubscribe at any time, but this makes it very challenging to receive future communications from Wedgewood Swim Club.",America/New_York (GMT-04:00),Success,35352570a1793581b4218,,,"Jul 6th 2026, 11:52 pm"
Isabella Johnson,+13026742095,9000 Garden St,Georgetown,19923.0,Delaware,isabella.johnson.0002@example.com,"9000 Garden St, Georgetown, DE, USA ChIJ250002666 9000 Garden St",US,3.0,4.0,Abigail Green,3026742095.0,69.0,Willow Johnson,3025536347.0,32.0,John Washington,3027766136.0,29.0,,,,,,,,,,,,,Asthma - carries an inhaler,290.0,"I consent to receive occasional marketing communication from Wedgewood Swim Club related to this submission. I understand that I can opt-out or unsubscribe at any time, but this makes it very challenging to receive future communications from Wedgewood Swim Club.",America/New_York (GMT-04:00),Success,25343213a7250094b4053,,,"Jul 9th 2026, 5:14 am"
Lucy Robinson,+13024860333,7297 Pine Rd,New Castle,19771.0,Delaware,lucy.robinson.0003@example.com,"7297 Pine Rd, New Castle, DE, USA ChIJ701193124 7297 Pine Rd",US,4.0,,Christopher Collins,3024860333.0,40.0,Alexa Cox,3023498193.0,33.0,Kevin Sanchez,,5.0,Violet Robinson,3024188591.0,65.0,,,,,,,,,,,290.0,"I consent to receive occasional marketing communication from Wedgewood Swim Club related to this submission. I understand that I can opt-out or unsubscribe at any time, but this makes it very challenging to receive future communications from Wedgewood Swim Club.",America/New_York (GMT-04:00),Success,11400736a6180779b5842,,,"Jul 5th 2026, 10:11 am"
Gary Williams,+13028669885,2575 River Rd,Bear,19772.0,Delaware,gary.williams.0004@example.com,"2575 River Rd, Bear, DE, USA ChIJ803311674 2575 River Rd",US,4.0,17.0,Karen Williams,3028669885.0,35.0,Christian Williams,,43.0,Nicholas Miller,,56.0,Hazel Williams,,36.0,,,,,,,,,,No,290.0,"I consent to receive occasional marketing communication from Wedgewood Swim Club related to this submission. I understand that I can opt-out or unsubscribe at any time, but this makes it very challenging to receive future communications from Wedgewood Swim Club.",America/New_York (GMT-04:00),Success,18119937a7353513b6096,,,"Jul 6th 2026, 11:19 am"
Alyssa Brooks,+13026902708,670 Lakeview Dr,Milford,19819.0,Delaware,alyssa.brooks.0005@example.com,"670 Lakeview Dr, Milford, DE, USA ChIJ129377423 670 Lakeview Dr",US,3.0,20.0,Anthony Washington,3026902708.0,20.0,Anthony Brooks,,9.0,Angela Hall,,60.0,,,,,,,,,,,,,None,290.0,"I consent to receive occasional marketing communication from Wedgewood Swim Club related to this submission. I understand that I can opt-out or unsubscribe at any time, but this makes it very challenging to receive future communications from Wedgewood Swim Club.",America/New_York (GMT-04:00),Success,22629816a8474818b8103,,,"Jul 15th 2026, 3:37 am"
Robert Bennett,+13023913735,1702 Sunset Blvd,Georgetown,19983.0,Delaware,robert.bennett.0006@example.com,"1702 Sunset Blvd, Georgetown, DE, USA ChIJ143674731 1702 Sunset Blvd",US,2.0,16.0,Carolyn Bennett,3023913735.0,49.0,Logan Bennett,3025507790.0,79.0,,,,,,,,,,,,,,,,Wheelchair access requested,240.0,"I consent to receive occasional marketing communication from Wedgewood Swim Club related to this submission. I understand that I can opt-out or unsubscribe at any time, but this makes it very challenging to receive future communications from Wedgewood Swim Club.",America/New_York (GMT-04:00),Success,27285254a8107311b6563,,,"Jul 5th 2026, 5:34 am"
Patrick Brooks,+13026192725,2545 Sunset Blvd,Georgetown,19999.0,Delaware,patrick.brooks.0007@example.com,"2545 Sunset Blvd, Georgetown, DE, USA ChIJ233929965 2545 Sunset Blvd",US,4.0,0.0,Kayla Brooks,3026192725.0,51.0,Richard James,,21.0,Harper Hernandez,3026089002.0,26.0,Christopher Torres,3024760559.0,38.0,,,,,,,,,,No,290.0,"I consent to receive occasional marketing communication from Wedgewood Swim Club related to this submission. I understand that I can opt-out or unsubscribe at any time, but this makes it very challenging to receive future communications from Wedgewood Swim Club.",America/New_York (GMT-04:00),Success,67600626a6032777b6472,,,"Jul 12th 2026, 10:38 am"
Samuel Davis,+13029878626,5250 Washington Blvd,Middletown,19707.0,Delaware,samuel.davis.0008@example.com,"5250 Washington Blvd, Middletown, DE, USA ChIJ751750225 5250 Washington Blvd",US,2.0,,Xavier Davis,3029878626.0,67.0,Oliver Davis,3029955965.0,68.0,,,,,,,,,,,,,,,,Peanut allergy,240.0,"I consent to receive occasional marketing communication from Wedgewood Swim Club related to this submission. I understand that I can opt-out or unsubscribe at any time, but this makes it very challenging to receive future communications from Wedgewood Swim Club.",America/New_York (GMT-04:00),Success,60782324a2950859b7914,,,"Jul 3rd 2026, 8:43 pm"
Alex Allen,+13025180840,1454 Willow Way,Middletown,19710.0,Delaware,alex.allen.0009@example.com,"1454 Willow Way, Middletown, DE, USA ChIJ745803138 1454 Willow Way",US,1.0,5.0,Violet Allen,3025180840.0,18.0,,,,,,,,,,,,,,,,,,,Lactose intolerance,165.0,"I consent to receive occasional marketing communication from Wedgewood Swim Club related to this submission. I understand that I can opt-out or unsubscribe at any time, but this makes it very challenging to receive future communications from Wedgewood Swim Club.",America/New_York (GMT-04:00),Success,31702994a2923456b6032,,,"Jul 8th 2026, 1:55 pm"
Savannah Edwards,+13022313554,9753 Valley Rd,Wilmington,19845.0,Delaware,savannah.edwards.0010@example.com,"9753 Valley Rd, Wilmington, DE, USA ChIJ141625908 9753 Valley Rd",US,2.0,6.0,Sarah Edwards,3022313554.0,70.0,Connor Edwards,3024796380.0,48.0,,,,,,,,,,,,,,,,,240.0,"I consent to receive occasional marketing communication from Wedgewood Swim Club related to this submission. I understand that I can opt-out or unsubscribe at any time, but this makes it very challenging to receive future communications from Wedgewood Swim Club.",America/New_York (GMT-04:00),Success,80140456a4025003b6482,,,"Jul 10th 2026, 11:39 am"
Logan Nelson,+13025850824,2806 Oak Ave,Seaford,19902.0,Delaware,logan.nelson.0011@example.com,"2806 Oak Ave, Seaford, DE, USA ChIJ144503140 2806 Oak Ave",US,4.0,20.0,Alex Nelson,3025850824.0,71.0,Kimberly Sanchez,,42.0,Caleb Nelson,,62.0,Ethan Perez,3023952029.0,74.0,,,,,,,,,,Lactose intolerance,290.0,"I consent to receive occasional marketing communication from Wedgewood Swim Club related to this submission. I understand that I can opt-out or unsubscribe at any time, but this makes it very challenging to receive future communications from Wedgewood Swim Club.",America/New_York (GMT-04:00),Success,65790081a9257946b6038,,,"Jul 9th 2026, 10:11 am"
Levi Stewart,+13027761562,4324 River Rd,Dover,19734.0,Delaware,levi.stewart.0012@example.com,"4324 River Rd, Dover, DE, USA ChIJ324800901 4324 River Rd",US,1.0,1.0,Hailey Stewart,3027761562.0,62.0,,,,,,,,,,,,,,,,,,,Lactose intolerance,165.0,"I consent to receive occasional marketing communication from Wedgewood Swim Club related to this submission. I understand that I can opt-out or unsubscribe at any time, but this makes it very challenging to receive future communications from Wedgewood Swim Club.",America/New_York (GMT-04:00),Success,11561715a8451751b4164,,,"Jul 14th 2026, 5:06 am"
Sophie Brooks,+13023099554,7670 Cedar Ln,Seaford,19839.0,Delaware,sophie.brooks.0013@example.com,"7670 Cedar Ln, Seaford, DE, USA ChIJ347820739 7670 Cedar Ln",US,2.0,11.0,Mason Brooks,3023099554.0,59.0,Richard Brooks,,15.0,,,,,,,,,,,,,,,,None,240.0,"I consent to receive occasional marketing communication from Wedgewood Swim Club related to this submission. I understand that I can opt-out or unsubscribe at any time, but this makes it very challenging to receive future communications from Wedgewood Swim Club.",America/New_York (GMT-04:00),Success,45593281a1127493b1472,,,"Jul 12th 2026, 2:32 am"
Ian Bryant,+13026426482,6932 Highland Ave,Georgetown,19750.0,Delaware,ian.bryant.0014@example.com,"6932 Highland Ave, Georgetown, DE, USA ChIJ399520390 6932 Highland Ave",US,2.0,0.0,Tyler Morgan,3026426482.0,73.0,Ethan Bryant,3027358246.0,76.0,,,,,,,,,,,,,,,,Lactose intolerance,240.0,"I consent to receive occasional marketing communication from Wedgewood Swim Club related to this submission. I understand that I can opt-out or unsubscribe at any time, but this makes it very challenging to receive future communications from Wedgewood Swim Club.",America/New_York (GMT-04:00),Success,27744112a2668608b1196,,,"Jul 2nd 2026, 7:44 pm"
Austin Brown,+13023055367,8477 Willow Way,Smyrna,19961.0,Delaware,austin.brown.0015@example.com,"8477 Willow Way, Smyrna, DE, USA ChIJ310291357 8477 Willow Way",US,4.0,3.0,Sebastian Brown,3023055367.0,54.0,Brittany Brown,,5.0,Elias Bryant,,15.0,Layla Campbell,3024908117.0,73.0,,,,,,,,,,Peanut allergy,290.0,"I consent to receive occasional marketing communication from Wedgewood Swim Club related to this submission. I understand that I can opt-out or unsubscribe at any time, but this makes it very challenging to receive future communications from Wedgewood Swim Club.",America/New_York (GMT-04:00),Success,78206574a4688586b1167,,,"Jul 12th 2026, 11:06 am"
Hailey Jackson,+13023696553,4313 Pine Rd,Wilmington,19707.0,Delaware,hailey.jackson.0016@example.com,"4313 Pine Rd, Wilmington, DE, USA ChIJ199723394 4313 Pine Rd",US,3.0,0.0,Hannah Allen,3023696553.0,62.0,Evelyn Jackson,,15.0,Ethan Morgan,3023243820.0,51.0,,,,,,,,,,,,,No,290.0,"I consent to receive occasional marketing communication from Wedgewood Swim Club related to this submission. I understand that I can opt-out or unsubscribe at any time, but this makes it very challenging to receive future communications from Wedgewood Swim Club.",America/New_York (GMT-04:00),Success,48061739a8329211b1185,,,"Jul 3rd 2026, 12:21 pm"
Aubrey Moore,+13027422120,5928 Washington Blvd,Bear,19943.0,Delaware,aubrey.moore.0017@example.com,"5928 Washington Blvd, Bear, DE, USA ChIJ655839750 5928 Washington Blvd",US,1.0,,Michelle Stewart,3027422120.0,56.0,,,,,,,,,,,,,,,,,,,,165.0,"I consent to receive occasional marketing communication from Wedgewood Swim Club related to this submission. I understand that I can opt-out or unsubscribe at any time, but this makes it very challenging to receive future communications from Wedgewood Swim Club.",America/New_York (GMT-04:00),Success,72419507a6605819b4717,,,"Jul 15th 2026, 1:45 pm"
Alexander Martin,+13028966555,3250 Sunset Blvd,Seaford,19902.0,Delaware,alexander.martin.0018@example.com,"3250 Sunset Blvd, Seaford, DE, USA ChIJ982537033 3250 Sunset Blvd",US,2.0,6.0,Alexa Martin,3028966555.0,62.0,Oliver Martin,,11.0,,,,,,,,,,,,,,,,Peanut allergy,240.0,"I consent to receive occasional marketing communication from Wedgewood Swim Club related to this submission. I understand that I can opt-out or unsubscribe at any time, but this makes it very challenging to receive future communications from Wedgewood Swim Club.",America/New_York (GMT-04:00),Success,33266205a1190246b2067,,,"Jul 11th 2026, 9:32 pm"
Elias Long,+13024422852,9362 Highland Ave,Smyrna,19914.0,Delaware,elias.long.0019@example.com,"9362 Highland Ave, Smyrna, DE, USA ChIJ517675810 9362 Highland Ave",US,2.0,,Sarah Long,3024422852.0,39.0,Aria Long,,14.0,,,,,,,,,,,,,,,,,240.0,"I consent to receive occasional marketing communication from Wedgewood Swim Club related to this submission. I understand that I can opt-out or unsubscribe at any time, but this makes it very challenging to receive future communications from Wedgewood Swim Club.",America/New_York (GMT-04:00),Success,26928654a1154126b5159,,,"Jul 3rd 2026, 7:03 am"
Ethan Bennett,+13029148405,2500 Meadow Ln,Wilmington,19704.0,Delaware,ethan.bennett.0020@example.com,"2500 Meadow Ln, Wilmington, DE, USA ChIJ642907023 2500 Meadow Ln",US,2.0,5.0,Karen Cruz,3029148405.0,33.0,Riley Bennett,,6.0,,,,,,,,,,,,,,,,Asthma - carries an inhaler,240.0,"I consent to receive occasional marketing communication from Wedgewood Swim Club related to this submission. I understand that I can opt-out or unsubscribe at any time, but this makes it very challenging to receive future communications from Wedgewood Swim Club.",America/New_York (GMT-04:00),Success,98927145a3669891b8833,,,"Jul 5th 2026, 10:42 am"
Brianna Thomas,+13029834362,1841 Maple St,Milford,19982.0,Delaware,brianna.thomas.0021@example.com,"1841 Maple St, Milford, DE, USA ChIJ138157604 1841 Maple St",US,2.0,16.0,Amelia Thomas,3029834362.0,74.0,Donna Thomas,,17.0,,,,,,,,,,,,,,,,,240.0,"I consent to receive occasional marketing communication from Wedgewood Swim Club related to this submission. I understand that I can opt-out or unsubscribe at any time, but this makes it very challenging to receive future communications from Wedgewood Swim Club.",America/New_York (GMT-04:00),Success,72867402a5181415b6866,,,"Jul 13th 2026, 12:08 pm"
Julian Henderson,+13028747496,3832 Elm St,Middletown,19884.0,Delaware,julian.henderson.0022@example.com,"3832 Elm St, Middletown, DE, USA ChIJ756153522 3832 Elm St",US,4.0,1.0,Isabella Henderson,3028747496.0,68.0,Julia Henderson,,56.0,Charlotte Hughes,,10.0,Jennifer Henderson,,18.0,,,,,,,,,,,290.0,"I consent to receive occasional marketing communication from Wedgewood Swim Club related to this submission. I understand that I can opt-out or unsubscribe at any time, but this makes it very challenging to receive future communications from Wedgewood Swim Club.",America/New_York (GMT-04:00),Success,90588915a6073590b8254,,,"Jul 9th 2026, 10:12 am"
Joshua Jones,+13028895106,428 Willow Way,Georgetown,19750.0,Delaware,joshua.jones.0023@example.com,"428 Willow Way, Georgetown, DE, USA ChIJ525265440 428 Willow Way",US,2.0,0.0,Willow Jones,3028895106.0,24.0,Jayden Ward,,80.0,,,,,,,,,,,,,,,,No,240.0,"I consent to receive occasional marketing communication from Wedgewood Swim Club related to this submission. I understand that I can opt-out or unsubscribe at any time, but this makes it very challenging to receive future communications from Wedgewood Swim Club.",America/New_York (GMT-04:00),Success,40806136a7926883b6048,,,"Jul 2nd 2026, 3:27 am"
Ella Murphy,+13026481684,5371 Willow Way,Newark,19884.0,Delaware,ella.murphy.0024@example.com,"5371 Willow Way, Newark, DE, USA ChIJ439034350 5371 Willow Way",US,4.0,,Rachel Edwards,3026481684.0,56.0,Joshua Murphy,3024083488.0,36.0,Jonathan Murphy,,40.0,Jordan Garcia,3023022827.0,71.0,,,,,,,,,,Wheelchair access requested,290.0,"I consent to receive occasional marketing communication from Wedgewood Swim Club related to this submission. I understand that I can opt-out or unsubscribe at any time, but this makes it very challenging to receive future communications from Wedgewood Swim Club.",America/New_York (GMT-04:00),Success,54152741a7765863b1357,,,"Jul 15th 2026, 1:08 pm"
Dominic Fisher,+13024985517,4218 River Rd,Seaford,19772.0,Delaware,dominic.fisher.0025@example.com,"4218 River Rd, Seaford, DE, USA ChIJ523515740 4218 River Rd",US,1.0,,Austin Fisher,3024985517.0,25.0,,,,,,,,,,,,,,,,,,,None,165.0,"I consent to receive occasional marketing communication from Wedgewood Swim Club related to this submission. I understand that I can opt-out or unsubscribe at any time, but this makes it very challenging to receive future communications from Wedgewood Swim Club.",America/New_York (GMT-04:00),Success,57332474a1472163b6578,,,"Jul 11th 2026, 2:42 am"
Riley Morgan,+13023225296,8255 Chestnut Ct,Milford,19788.0,Delaware,riley.morgan.0026@example.com,"8255 Chestnut Ct, Milford, DE, USA ChIJ176640916 8255 Chestnut Ct",US,1.0,,Hazel Morgan,3023225296.0,56.0,,,,,,,,,,,,,,,,,,,Peanut allergy,165.0,"I consent to receive occasional marketing communication from Wedgewood Swim Club related to this submission. I understand that I can opt-out or unsubscribe at any time, but this makes it very challenging to receive future communications from Wedgewood Swim Club.",America/New_York (GMT-04:00),Success,90667353a4054109b6526,,,"Jul 1st 2026, 10:14 am"
Anthony Simmons,+13029775693,8121 Elm St,Bear,19885.0,Delaware,anthony.simmons.0027@example.com,"8121 Elm St, Bear, DE, USA ChIJ760271252 8121 Elm St",US,1.0,7.0,John Patterson,3029775693.0,73.0,,,,,,,,,,,,,,,,,,,No,165.0,"I consent to receive occasional marketing communication from Wedgewood Swim Club related to this submission. I understand that I can opt-out or unsubscribe at any time, but this makes it very challenging to receive future communications from Wedgewood Swim Club.",America/New_York (GMT-04:00),Success,91157250a5650783b8967,,,"Jul 7th 2026, 5:52 pm"
Alyssa Roberts,+13029102375,4336 Washington Blvd,Dover,19928.0,Delaware,alyssa.roberts.0028@example.com,"4336 Washington Blvd, Dover, DE, USA ChIJ865233888 4336 Washington Blvd",US,3.0,2.0,Luke Roberts,3029102375.0,27.0,Daniel Garcia,3025657660.0,73.0,Mila Taylor,3025475759.0,64.0,,,,,,,,,,,,,No,290.0,"I consent to receive occasional marketing communication from Wedgewood Swim Club related to this submission. I understand that I can opt-out or unsubscribe at any time, but this makes it very challenging to receive future communications from Wedgewood Swim Club.",America/New_York (GMT-04:00),Success,48212112a5237859b9152,,,"Jul 15th 2026, 9:59 pm"
Alice Hughes,+13025638166,5907 Chestnut Ct,Milford,19828.0,Delaware,alice.hughes.0029@example.com,"5907 Chestnut Ct, Milford, DE, USA ChIJ520833340 5907 Chestnut Ct",US,4.0,0.0,Charles Green,3025638166.0,31.0,Hazel Hughes,,34.0,Amelia Hughes,,6.0,Jayden Brown,,83.0,,,,,,,,,,None,290.0,"I consent to receive occasional marketing communication from Wedgewood Swim Club related to this submission. I understand that I can opt-out or unsubscribe at any time, but this makes it very challenging to receive future communications from Wedgewood Swim Club.",America/New_York (GMT-04:00),Success,76139310a6455078b6789,,,"Jul 1st 2026, 3:45 am"
Audrey Martin,+13025126207,2856 Washington Blvd,Smyrna,19885.0,Delaware,audrey.martin.0030@example.com,"2856 Washington Blvd, Smyrna, DE, USA ChIJ833739629 2856 Washington Blvd",US,2.0,0.0,Alex Sanchez,3025126207.0,49.0,Lucas Martin,,67.0,,,,,,,,,,,,,,,,Peanut allergy,240.0,"I consent to receive occasional marketing communication from Wedgewood Swim Club related to this submission. I understand that I can opt-out or unsubscribe at any time, but this makes it very challenging to receive future communications from Wedgewood Swim Club.",America/New_York (GMT-04:00),Success,54514581a1878787b5514,,,"Jul 7th 2026, 8:18 pm"
Jayden Washington,+13028913841,3003 Maple St,Wilmington,19747.0,Delaware,jayden.washington.0031@example.com,"3003 Maple St, Wilmington, DE, USA ChIJ342788907 3003 Maple St",US,2.0,0.0,Richard Washington,3028913841.0,60.0,Henry Washington,3025874346.0,62.0,,,,,,,,,,,,,,,,None,240.0,"I consent to receive occasional marketing communication from Wedgewood Swim Club related to this submission. I understand that I can opt-out or unsubscribe at any time, but this makes it very challenging to receive future communications from Wedgewood Swim Club.",America/New_York (GMT-04:00),Success,78510213a8807489b5692,,,"Jul 15th 2026, 5:51 am"
Caleb Jenkins,+13024501093,3261 Pine Rd,Dover,19997.0,Delaware,caleb.jenkins.0032@example.com,"3261 Pine Rd, Dover, DE, USA ChIJ312458668 3261 Pine Rd",US,4.0,0.0,Brian Jenkins,3024501093.0,55.0,Gary Jenkins,,51.0,Charles Jenkins,3029888523.0,43.0,Logan Jenkins,,40.0,,,,,,,,,,No,290.0,"I consent to receive occasional marketing communication from Wedgewood Swim Club related to this submission. I understand that I can opt-out or unsubscribe at any time, but this makes it very challenging to receive future communications from Wedgewood Swim Club.",America/New_York (GMT-04:00),Success,56761111a4656864b8954,,,"Jul 12th 2026, 4:34 am"
Deborah Hill,+13026957074,1741 Garden St,New Castle,19758.0,Delaware,deborah.hill.0033@example.com,"1741 Garden St, New Castle, DE, USA ChIJ202340872 1741 Garden St",US,1.0,9.0,Abigail Hill,3026957074.0,56.0,,,,,,,,,,,,,,,,,,,Lactose intolerance,165.0,"I consent to receive occasional marketing communication from Wedgewood Swim Club related to this submission. I understand that I can opt-out or unsubscribe at any time, but this makes it very challenging to receive future communications from Wedgewood Swim Club.",America/New_York (GMT-04:00),Success,24153338a2744155b5652,,,"Jul 9th 2026, 11:26 am"
Evelyn Anderson,+13026643165,5374 Sunset Blvd,Wilmington,19805.0,Delaware,evelyn.anderson.0034@example.com,"5374 Sunset Blvd, Wilmington, DE, USA ChIJ491166938 5374 Sunset Blvd",US,4.0,13.0,Amelia Anderson,3026643165.0,54.0,Jasmine Anderson,,20.0,Brianna Anderson,3029534942.0,64.0,Anna Anderson,,48.0,,,,,,,,,,None,290.0,"I consent to receive occasional marketing communication from Wedgewood Swim Club related to this submission. I understand that I can opt-out or unsubscribe at any time, but this makes it very challenging to receive future communications from Wedgewood Swim Club.",America/New_York (GMT-04:00),Success,38357402a5147200b2392,,,"Jul 14th 2026, 10:11 am"
Michelle Rivera,+13028183063,8264 Maple St,Georgetown,19886.0,Delaware,michelle.rivera.0035@example.com,"8264 Maple St, Georgetown, DE, USA ChIJ172842374 8264 Maple St",US,1.0,,Jonathan Rivera,3028183063.0,36.0,,,,,,,,,,,,,,,,,,,None,165.0,"I consent to receive occasional marketing communication from Wedgewood Swim Club related to this submission. I understand that I can opt-out or unsubscribe at any time, but this makes it very challenging to receive future communications from Wedgewood Swim Club.",America/New_York (GMT-04:00),Success,30533693a1979298b1738,,,"Jul 12th 2026, 12:06 pm"
Henry Lewis,+13025077137,4754 Washington Blvd,Georgetown,19996.0,Delaware,henry.lewis.0036@example.com,"4754 Washington Blvd, Georgetown, DE, USA ChIJ957304891 4754 Washington Blvd",US,1.0,7.0,Hudson Martin,3025077137.0,35.0,,,,,,,,,,,,,,,,,,,None,165.0,"I consent to receive occasional marketing communication from Wedgewood Swim Club related to this submission. I understand that I can opt-out or unsubscribe at any time, but this makes it very challenging to receive future communications from Wedgewood Swim Club.",America/New_York (GMT-04:00),Success,85146386a2746384b6748,,,"Jul 1st 2026, 4:15 am"
Michelle Alexander,+13023478386,7691 Oak Ave,New Castle,19911.0,Delaware,michelle.alexander.0037@example.com,"7691 Oak Ave, New Castle, DE, USA ChIJ698497718 7691 Oak Ave",US,4.0,10.0,Hailey Alexander,3023478386.0,19.0,Audrey Alexander,,13.0,Audrey Adams,,53.0,Brittany Edwards,,8.0,,,,,,,,,,None,290.0,"I consent to receive occasional marketing communication from Wedgewood Swim Club related to this submission. I understand that I can opt-out or unsubscribe at any time, but this makes it very challenging to receive future communications from Wedgewood Swim Club.",America/New_York (GMT-04:00),Success,84228952a5289716b9190,,,"Jul 6th 2026, 10:13 am"
Andrew Cruz,+13023871461,3813 Cedar Ln,Dover,19810.0,Delaware,andrew.cruz.0038@example.com,"3813 Cedar Ln, Dover, DE, USA ChIJ444705730 3813 Cedar Ln",US,2.0,,Ella Moore,3023871461.0,20.0,Ryan Cruz,,70.0,,,,,,,,,,,,,,,,,240.0,"I consent to receive occasional marketing communication from Wedgewood Swim Club related to this submission. I understand that I can opt-out or unsubscribe at any time, but this makes it very challenging to receive future communications from Wedgewood Swim Club.",America/New_York (GMT-04:00),Success,11268657a4871418b2131,,,"Jul 14th 2026, 7:49 pm"
Robert Adams,+13024193109,4469 Sunset Blvd,Wilmington,19768.0,Delaware,robert.adams.0039@example.com,"4469 Sunset Blvd, Wilmington, DE, USA ChIJ637953536 4469 Sunset Blvd",US,2.0,0.0,Nicholas Jackson,3024193109.0,27.0,Joshua Adams,,13.0,,,,,,,,,,,,,,,,,240.0,"I consent to receive occasional marketing communication from Wedgewood Swim Club related to this submission. I understand that I can opt-out or unsubscribe at any time, but this makes it very challenging to receive future communications from Wedgewood Swim Club.",America/New_York (GMT-04:00),Success,66892714a6227748b4802,,,"Jul 5th 2026, 10:46 pm"
Mateo Wright,+13026177736,5116 Oak Ave,Seaford,19959.0,Delaware,mateo.wright.0040@example.com,"5116 Oak Ave, Seaford, DE, USA ChIJ501400680 5116 Oak Ave",US,4.0,9.0,Joshua Wright,3026177736.0,56.0,Connor Wright,,31.0,Brittany Wright,,8.0,Angela Rivera,,6.0,,,,,,,,,,None,290.0,"I consent to receive occasional marketing communication from Wedgewood Swim Club related to this submission. I understand that I can opt-out or unsubscribe at any time, but this makes it very challenging to receive future communications from Wedgewood Swim Club.",America/New_York (GMT-04:00),Success,69047257a6077855b3127,,,"Jul 2nd 2026, 8:16 pm"
